campaign_id,campaign_name,channel,start_date,end_date
1,Campaign_1,Search,2022-08-19,2023-02-12
2,Campaign_2,Affiliate,2022-01-04,2023-07-09
3,Campaign_3,Affiliate,2022-09-07,2023-05-24
4,Campaign_4,Email,2022-11-29,2023-06-07
5,Campaign_5,Email,2022-11-21,2023-09-27
6,Campaign_6,Search,2022-01-29,2023-12-01
7,Campaign_7,Email,2022-04-04,2023-08-25
8,Campaign_8,Social,2022-04-25,2023-10-23
9,Campaign_9,Search,2022-09-03,2023-02-01
10,Campaign_10,Affiliate,2022-02-22,2023-07-25
11,Campaign_11,Search,2022-07-14,2023-11-01
12,Campaign_12,Search,2022-12-11,2023-03-23
13,Campaign_13,Email,2022-06-16,2023-11-13
14,Campaign_14,Direct,2022-12-16,2023-09-30
15,Campaign_15,Direct,2022-12-28,2023-07-20
16,Campaign_16,Direct,2022-10-26,2023-03-17
17,Campaign_17,Affiliate,2022-11-02,2023-07-15
18,Campaign_18,Direct,2022-12-26,2023-11-03
19,Campaign_19,Direct,2022-12-20,2023-03-24
20,Campaign_20,Direct,2022-08-07,2023-09-11
